#Annotated with Bakta v1.11.3, https://github.com/oschwengers/bakta
#Database v6.0, https://doi.org/10.5281/zenodo.4247252
#Sequence Id	Start	Stop	Strand	Locus Tag	Mol Weight [kDa]	Iso El. Point	Pfam hits	Dbxrefs
contig_1	4257	4874	+	LKFOJG_00004	22.4	5.3		
contig_1	12261	12962	-	LKFOJG_00009	25.0	10.9		
contig_1	15728	16474	+	LKFOJG_00012	26.8	5.9		
contig_1	18676	19650	+	LKFOJG_00014	35.0	6.9		
contig_1	25117	26001	+	LKFOJG_00017	31.4	5.0		SO:0001217, UniRef:UniRef50_D7GHE6
contig_1	29324	29842	+	LKFOJG_00022	18.1	10.6	PF12089.13|DUF3566	PFAM:PF12089.13
contig_1	30080	30526	+	LKFOJG_00024	15.7	5.0	PF10722.14|YbjN	PFAM:PF10722.14
contig_1	30541	30999	+	LKFOJG_00025	16.8	4.9	PF10722.14|YbjN	PFAM:PF10722.14
contig_1	31036	31446	-	LKFOJG_00026	14.4	8.3		SO:0001217, UniRef:UniRef50_D7GHF4
contig_1	32636	32794	+	LKFOJG_00028	5.6	8.3		
contig_1	50088	50228	+	LKFOJG_00040	4.7	10.1		
contig_1	52856	54469	-	LKFOJG_00046	58.4	9.0		
contig_1	63559	64017	+	LKFOJG_00053	17.2	10.2		
contig_1	66974	68071	-	LKFOJG_00056	40.0	10.3		
contig_1	77981	78898	+	LKFOJG_00062	34.1	9.6	PF01061.29|ABC2_membrane	PFAM:PF01061.29
contig_1	84670	85317	+	LKFOJG_00067	22.8	5.2	PF00724.26|Oxidored_FMN	PFAM:PF00724.26
contig_1	85320	85664	+	LKFOJG_00068	12.5	5.9	PF01022.26|HTH_5, PF01047.28|MarR, PF01978.25|TrmB, PF09339.16|HTH_IclR, PF12840.13|HTH_20, PF13412.12|HTH_24	PFAM:PF01022.26, PFAM:PF01047.28, PFAM:PF01978.25, PFAM:PF09339.16, PFAM:PF12840.13, PFAM:PF13412.12
contig_1	97860	98585	+	LKFOJG_00077	26.4	5.3		
contig_1	101413	102219	+	LKFOJG_00080	29.3	6.0		SO:0001217, UniRef:UniRef50_D7GHP3
contig_1	103064	103978	+	LKFOJG_00081	35.1	9.2		
contig_1	104016	104540	-	LKFOJG_00082	19.6	6.0	PF00929.31|RNase_T	PFAM:PF00929.31
contig_1	111389	113212	-	LKFOJG_00086	63.1	6.0	PF00005.33|ABC_tran, PF13304.12|AAA_21	PFAM:PF00005.33, PFAM:PF13304.12
contig_1	114497	114721	+	LKFOJG_00088	7.9	10.6		
contig_1	117543	117758	+	LKFOJG_00091	7.4	4.2		
contig_1	119004	119792	-	LKFOJG_00093	28.2	7.9	PF00724.26|Oxidored_FMN	PFAM:PF00724.26
contig_1	121822	122202	+	LKFOJG_00096	13.1	9.5		
contig_1	134967	135842	+	LKFOJG_00108	32.2	10.0	PF01063.24|Aminotran_4	PFAM:PF01063.24
contig_1	136135	136815	-	LKFOJG_00109	24.5	9.3		SO:0001217, UniRef:UniRef50_D7GHS8
contig_1	156660	157097	+	LKFOJG_00125	15.7	10.7		
contig_1	161029	161289	-	LKFOJG_00129	8.4	5.5		
contig_1	161237	162325	-	LKFOJG_00130	37.9	8.4		
contig_1	164015	164833	-	LKFOJG_00133	29.2	5.0	PF08501.16|Shikimate_dh_N	PFAM:PF08501.16
contig_1	174505	174732	+	LKFOJG_00142	8.5	6.7	PF14542.12|Acetyltransf_CG	PFAM:PF14542.12
contig_1	174821	175054	+	LKFOJG_00143	8.6	5.2	PF06902.16|Fer4_19	PFAM:PF06902.16
contig_1	176412	177023	+	LKFOJG_00146	22.4	6.4	PF00929.31|RNase_T	PFAM:PF00929.31
contig_1	188909	189058	-	LKFOJG_00154	5.2	4.4		
contig_1	189037	189531	-	LKFOJG_00155	18.1	7.8	PF00440.29|TetR_N	PFAM:PF00440.29
contig_1	199171	199470	+	LKFOJG_00161	10.1	4.2		
contig_1	199505	199714	+	LKFOJG_00162	7.2	12.0		
contig_1	199786	199920	+	LKFOJG_00163	4.5	12.0		
contig_1	200006	200206	+	LKFOJG_00164	7.1	11.7		
contig_1	200461	201108	+	LKFOJG_00165	22.6	6.2	PF13338.12|AbiEi_4	PFAM:PF13338.12
contig_1	206692	207999	-	LKFOJG_00171	48.4	7.0		
contig_1	210619	211056	+	LKFOJG_00174	14.5	12.0		
contig_1	211060	211503	-	LKFOJG_00175	16.4	9.6		
contig_1	211577	212242	+	LKFOJG_00176	22.9	4.1		
contig_1	212239	212811	+	LKFOJG_00177	21.3	9.6	PF04542.20|Sigma70_r2, PF04545.22|Sigma70_r4, PF08281.18|Sigma70_r4_2	PFAM:PF04542.20, PFAM:PF04545.22, PFAM:PF08281.18
contig_1	214427	215326	+	LKFOJG_00180	33.2	10.8	PF00165.29|HTH_AraC, PF12833.13|HTH_18	PFAM:PF00165.29, PFAM:PF12833.13
contig_1	237049	237423	-	LKFOJG_00199	14.0	5.0		
contig_1	237766	238137	-	LKFOJG_00200	13.0	9.5		
contig_1	246692	247645	+	LKFOJG_00206	35.5	11.5	PF00665.32|rve, PF13276.12|HTH_21	PFAM:PF00665.32, PFAM:PF13276.12
contig_1	248812	249084	+	LKFOJG_00208	10.6	4.7	PF13683.12|rve_3	PFAM:PF13683.12
contig_1	261908	262279	-	LKFOJG_00217	13.3	9.2		
contig_1	265483	266028	+	LKFOJG_00220	19.7	6.2	PF00027.35|cNMP_binding, PF00325.26|Crp, PF13545.12|HTH_Crp_2	PFAM:PF00027.35, PFAM:PF00325.26, PFAM:PF13545.12
contig_1	266194	266355	+	LKFOJG_00221	6.0	8.2		
contig_1	275526	277121	+	LKFOJG_00231	58.2	5.8	PF13193.12|AMP-binding_C	PFAM:PF13193.12
contig_1	283946	284734	+	LKFOJG_00239	27.3	10.1		
contig_1	285536	285778	-	LKFOJG_00240	8.7	12.0		
contig_1	293963	294961	+	LKFOJG_00247	35.1	4.7	PF01408.29|GFO_IDH_MocA, PF02894.22|GFO_IDH_MocA_C, PF22725.1|GFO_IDH_MocA_C3	PFAM:PF01408.29, PFAM:PF02894.22, PFAM:PF22725.1
contig_1	308604	308756	-	LKFOJG_00258	5.6	4.3		
contig_1	314756	314959	-	LKFOJG_00263	7.5	4.9		
contig_1	323465	323683	+	LKFOJG_00271	7.4	5.0	PF05532.17|CsbD	PFAM:PF05532.17
contig_1	323871	324926	+	LKFOJG_00272	36.8	10.8		SO:0001217, UniRef:UniRef50_A0A0B7NUG3
contig_1	336711	337373	-	LKFOJG_00283	24.2	5.1	PF00857.26|Isochorismatase	PFAM:PF00857.26
contig_1	339214	339987	-	LKFOJG_00286	27.6	10.9		SO:0001217, UniRef:UniRef50_A0A0A8PMS2
contig_1	355633	355752	+	LKFOJG_00296	4.1	5.7		
contig_1	355961	356926	+	LKFOJG_00297	34.0	6.4		
contig_1	360654	361316	-	LKFOJG_00301	23.1	5.1		
contig_1	372289	373362	-	LKFOJG_00311	38.2	5.9	PF00532.27|Peripla_BP_1, PF13377.12|Peripla_BP_3	PFAM:PF00532.27, PFAM:PF13377.12
contig_1	374865	375419	+	LKFOJG_00313	19.5	4.1		SO:0001217, UniRef:UniRef50_D7GIF2
contig_1	377012	377944	+	LKFOJG_00315	30.3	4.9		SO:0001217, UniRef:UniRef50_A0A0A8S0M3
contig_1	377985	378158	-	LKFOJG_00316	6.3	10.8		
contig_1	384675	385091	-	LKFOJG_00321	14.7	5.0	PF00085.26|Thioredoxin	PFAM:PF00085.26
contig_1	391681	391851	+	LKFOJG_00327	6.2	12.0		
contig_1	392168	392431	+	LKFOJG_00328	9.7	4.2		
contig_1	393976	394989	+	LKFOJG_00331	33.8	5.6		SO:0001217, UniRef:UniRef50_A0A2C7AS16
contig_1	394986	395678	+	LKFOJG_00332	23.9	6.4	PF00005.33|ABC_tran, PF13304.12|AAA_21	PFAM:PF00005.33, PFAM:PF13304.12
contig_1	427887	428252	+	LKFOJG_00356	13.6	4.4		
contig_1	432015	432479	-	LKFOJG_00359	17.3	5.0	PF00011.27|HSP20, PF17886.7|ArsA_HSP20	PFAM:PF00011.27, PFAM:PF17886.7
contig_1	435292	435924	-	LKFOJG_00364	22.4	11.8		
contig_1	435884	436363	-	LKFOJG_00365	16.8	4.5		
contig_1	437697	437888	-	LKFOJG_00367	6.7	11.8		
contig_1	438071	438418	-	LKFOJG_00368	12.7	5.1		
contig_1	441653	441829	-	LKFOJG_00372	6.1	10.8		
contig_1	442476	442643	+	LKFOJG_00374	6.0	4.8		
contig_1	442770	443195	-	LKFOJG_00375	15.4	10.0		
contig_1	443192	443761	-	LKFOJG_00376	20.0	9.8	PF02899.23|Phage_int_SAM_1	PFAM:PF02899.23
contig_1	443754	444287	-	LKFOJG_00377	19.4	9.9		
contig_1	444338	444685	-	LKFOJG_00378	12.9	6.7		
contig_1	446513	446776	+	LKFOJG_00381	9.0	5.4		
contig_1	446773	447300	+	LKFOJG_00382	18.1	6.3		
contig_1	449456	449884	+	LKFOJG_00384	15.9	5.9		
contig_1	451877	452518	+	LKFOJG_00386	23.8	6.0	PF04909.20|Amidohydro_2	PFAM:PF04909.20
contig_1	462269	462757	+	LKFOJG_00395	17.2	4.7		
contig_1	472760	473071	-	LKFOJG_00402	11.3	6.1	PF05495.17|zf-CHY	PFAM:PF05495.17
contig_1	475604	476500	-	LKFOJG_00404	32.2	5.5		
contig_1	477441	478526	+	LKFOJG_00406	37.6	4.6		SO:0001217, UniRef:UniRef50_D7GGS3
contig_1	485565	485909	+	LKFOJG_00414	12.8	6.7		
contig_1	485992	486546	+	LKFOJG_00415	19.9	4.8		
contig_1	489804	490295	+	LKFOJG_00419	17.6	4.2		
contig_1	491957	492181	-	LKFOJG_00422	8.4	10.0		
contig_1	494348	495058	+	LKFOJG_00425	24.1	9.6	PF08666.17|SAF	PFAM:PF08666.17
contig_1	499740	499964	+	LKFOJG_00430	7.7	5.6		SO:0001217, UniRef:UniRef50_U1F052
contig_1	499939	500361	+	LKFOJG_00431	14.8	5.7		
contig_1	500427	500984	+	LKFOJG_00432	19.5	10.0		
contig_1	507053	508018	-	LKFOJG_00436	34.9	10.0		SO:0001217, UniRef:UniRef50_D7GGP1
contig_1	510851	512605	+	LKFOJG_00439	64.5	6.4		SO:0001217, UniRef:UniRef50_D7GGN7
contig_1	512627	512734	+	LKFOJG_00440	3.9	4.6		
contig_1	512821	512949	-	LKFOJG_00441	4.5	11.9		
contig_1	522204	523457	+	LKFOJG_00451	44.3	6.3	PF00070.33|Pyr_redox, PF01266.30|DAO, PF01593.30|Amino_oxidase, PF07992.20|Pyr_redox_2, PF13450.12|NAD_binding_8	PFAM:PF00070.33, PFAM:PF01266.30, PFAM:PF01593.30, PFAM:PF07992.20, PFAM:PF13450.12
contig_1	567398	567796	+	LKFOJG_00485	13.9	5.4	PF01022.26|HTH_5, PF12840.13|HTH_20	PFAM:PF01022.26, PFAM:PF12840.13
contig_1	575151	575528	-	LKFOJG_00491	14.4	9.8		
contig_1	578769	579128	-	LKFOJG_00494	13.0	9.4		
contig_1	586628	587050	-	LKFOJG_00501	16.1	5.7	PF12952.12|DUF3841	PFAM:PF12952.12
contig_1	588509	588772	-	LKFOJG_00504	9.4	4.5		
contig_1	588976	589701	+	LKFOJG_00505	26.5	4.8		
contig_1	596009	596629	+	LKFOJG_00511	22.1	5.7		
contig_1	598631	599512	+	LKFOJG_00514	30.9	9.1	PF07719.23|TPR_2	PFAM:PF07719.23
contig_1	599534	600370	-	LKFOJG_00515	28.3	9.7		
contig_1	600930	601175	+	LKFOJG_00516	8.2	11.2		SO:0001217, UniRef:UniRef50_A0A2C7YQ05
contig_1	603894	604385	-	LKFOJG_00519	17.7	5.3		SO:0001217, UniRef:UniRef50_A0A2C7YQ04
contig_1	608276	608398	+	LKFOJG_00522	4.2	5.9		
contig_1	609834	610166	-	LKFOJG_00524	12.2	5.1	PF01402.27|RHH_1	PFAM:PF01402.27
contig_1	610685	611254	+	LKFOJG_00525	20.8	5.3		SO:0001217, UniRef:UniRef50_D7GGB7
contig_1	617630	618352	+	LKFOJG_00531	25.2	6.5		
contig_1	621515	622294	+	LKFOJG_00534	27.7	4.6		
contig_1	622410	622637	-	LKFOJG_00535	7.7	10.0		SO:0001217, UniRef:UniRef50_D7GGA7
contig_1	622753	623226	-	LKFOJG_00536	16.4	9.3	PF07332.16|Phage_holin_3_6	PFAM:PF07332.16
contig_1	629385	630128	+	LKFOJG_00542	25.7	7.0	PF00482.28|T2SSF	PFAM:PF00482.28
contig_1	630261	630866	-	LKFOJG_00543	21.9	5.0	PF00805.28|Pentapeptide, PF13576.12|Pentapeptide_3, PF13599.12|Pentapeptide_4, PF23894.2|LD_SV2	PFAM:PF00805.28, PFAM:PF13576.12, PFAM:PF13599.12, PFAM:PF23894.2
contig_1	631025	631336	+	LKFOJG_00544	11.0	9.1		
contig_1	631467	631925	+	LKFOJG_00545	15.9	11.3		
contig_1	632087	632419	+	LKFOJG_00546	11.5	6.0		
contig_1	632581	632847	-	LKFOJG_00547	9.2	5.1	PF20058.4|DUF6457	PFAM:PF20058.4
contig_1	647124	648569	+	LKFOJG_00556	52.5	5.9		SO:0001217, UniRef:UniRef50_D7GG86
contig_1	655065	655412	-	LKFOJG_00563	10.7	11.4		
contig_1	655385	656569	-	LKFOJG_00564	39.6	8.8	PF02687.27|FtsX, PF12704.14|MacB_PCD	PFAM:PF02687.27, PFAM:PF12704.14
contig_1	664611	665153	-	LKFOJG_00571	19.2	5.0	PF00300.27|His_Phos_1	PFAM:PF00300.27
contig_1	671593	674052	+	LKFOJG_00578	88.9	5.3	PF13245.12|AAA_19, PF13401.12|AAA_22, PF13604.12|AAA_30	PFAM:PF13245.12, PFAM:PF13401.12, PFAM:PF13604.12
contig_1	676375	676749	+	LKFOJG_00582	13.5	4.8	PF02152.23|FolB	PFAM:PF02152.23
contig_1	677865	678221	+	LKFOJG_00584	13.0	9.7	PF11774.14|Lsr2, PF23359.1|Lsr2_DNA-bd	PFAM:PF11774.14, PFAM:PF23359.1
contig_1	682434	683189	-	LKFOJG_00587	26.0	5.0	PF01487.21|DHquinase_I	PFAM:PF01487.21
contig_1	698540	699199	+	LKFOJG_00602	24.3	7.2	PF00300.27|His_Phos_1	PFAM:PF00300.27
contig_1	715746	716546	-	LKFOJG_00618	28.1	4.6	PF03446.21|NAD_binding_2	PFAM:PF03446.21
contig_1	728587	728859	+	LKFOJG_00627	9.7	6.0	PF00746.26|Gram_pos_anchor, PF17802.7|SpaA	PFAM:PF00746.26, PFAM:PF17802.7
contig_1	730642	730818	-	LKFOJG_00629	6.9	10.8		
contig_1	731211	731630	+	LKFOJG_00630	15.5	6.1		
contig_1	731617	731817	+	LKFOJG_00631	7.3	4.3		
contig_1	731998	732297	+	LKFOJG_00632	10.9	4.1		SO:0001217, UniRef:UniRef50_D7GIG7
contig_1	737411	737686	-	LKFOJG_00635	10.2	4.4		
contig_1	738144	738893	+	LKFOJG_00636	26.2	6.4	PF07510.16|GmrSD_C	PFAM:PF07510.16
contig_1	738983	739225	+	LKFOJG_00637	8.7	5.8		SO:0001217, UniRef:UniRef50_D7GIH2
contig_1	742357	742863	-	LKFOJG_00641	18.4	4.2		SO:0001217, UniRef:UniRef50_D7GIH6
contig_1	744348	744494	+	LKFOJG_00642	5.1	6.5		
contig_1	744491	744691	+	LKFOJG_00643	6.6	5.4		
contig_1	750540	750830	-	LKFOJG_00648	10.0	4.9		
contig_1	759521	760825	+	LKFOJG_00657	45.6	9.2		SO:0001217, UniRef:UniRef50_D7GII9
contig_1	770488	771240	-	LKFOJG_00664	26.9	4.8		SO:0001217, UniRef:UniRef50_D7GIJ6
contig_1	785036	786862	-	LKFOJG_00673	65.3	10.0		SO:0001217, UniRef:UniRef50_D7GIK5
contig_1	787034	787477	+	LKFOJG_00674	15.6	4.5		
contig_1	787474	787749	+	LKFOJG_00675	10.2	6.0		
contig_1	787813	788577	+	LKFOJG_00676	26.0	5.4		
contig_1	797588	797893	-	LKFOJG_00685	10.8	5.7	PF07553.16|Lipoprotein_Ltp	PFAM:PF07553.16
contig_1	799312	799743	-	LKFOJG_00687	14.3	9.4		
contig_1	805470	805700	+	LKFOJG_00692	8.4	4.1		
contig_1	805741	806259	-	LKFOJG_00693	18.1	6.8		
contig_1	809135	809833	+	LKFOJG_00695	24.2	11.3		
contig_1	820075	820860	+	LKFOJG_00703	27.8	11.4	PF02698.23|DUF218	PFAM:PF02698.23, SO:0001217, UniRef:UniRef50_D7GIP2
contig_1	836638	837009	+	LKFOJG_00713	13.7	5.6		
contig_1	837024	837683	-	LKFOJG_00714	24.2	9.2		
contig_1	837932	838372	-	LKFOJG_00715	16.0	11.4		
contig_1	842629	842889	+	LKFOJG_00718	9.6	5.1		
contig_1	842861	843004	+	LKFOJG_00719	5.0	5.6		
contig_1	846228	846458	+	LKFOJG_00723	8.0	8.0		
contig_1	846696	847307	+	LKFOJG_00724	21.7	5.0	PF13460.12|NAD_binding_10	PFAM:PF13460.12
contig_1	857524	857652	+	LKFOJG_00734	4.8	12.0		
contig_1	869949	870437	+	LKFOJG_00744	18.1	8.1	PF09350.15|DJC28_CD	PFAM:PF09350.15
contig_1	872346	872915	-	LKFOJG_00746	20.6	6.1	PF08433.16|KTI12, PF13671.12|AAA_33	PFAM:PF08433.16, PFAM:PF13671.12
contig_1	874866	875705	+	LKFOJG_00749	28.2	5.2		
contig_1	879121	880203	+	LKFOJG_00753	39.9	5.8	PF00561.26|Abhydrolase_1, PF12146.15|Hydrolase_4, PF12697.13|Abhydrolase_6	PFAM:PF00561.26, PFAM:PF12146.15, PFAM:PF12697.13
contig_1	883083	883889	-	LKFOJG_00758	28.8	9.6	PF01061.29|ABC2_membrane	PFAM:PF01061.29
contig_1	883886	884473	-	LKFOJG_00759	20.8	4.8		
contig_1	884557	884925	-	LKFOJG_00760	12.6	11.9	PF00005.33|ABC_tran	PFAM:PF00005.33
contig_1	894568	895227	-	LKFOJG_00770	23.8	6.5		
contig_1	895348	895695	-	LKFOJG_00771	12.5	6.5	PF05239.21|PRC	PFAM:PF05239.21
contig_1	901675	902556	+	LKFOJG_00778	30.1	9.2		
contig_1	927713	928168	-	LKFOJG_00800	17.3	6.9		
contig_1	936530	936916	+	LKFOJG_00806	14.0	11.6		
contig_1	937995	938489	+	LKFOJG_00808	17.3	10.7		
contig_1	946783	947670	+	LKFOJG_00821	32.4	4.3	PF02357.24|NusG	PFAM:PF02357.24
contig_1	952760	953386	+	LKFOJG_00828	22.2	10.0		
contig_1	976276	977094	+	LKFOJG_00847	30.0	10.7	PF00189.25|Ribosomal_S3_C, PF07650.23|KH_2	PFAM:PF00189.25, PFAM:PF07650.23
contig_1	979587	979772	+	LKFOJG_00854	6.9	11.3		
contig_1	982916	983563	-	LKFOJG_00861	22.6	4.5	PF03358.20|FMN_red	PFAM:PF03358.20
contig_1	994120	994506	+	LKFOJG_00870	13.6	5.0	PF08044.16|DUF1707	PFAM:PF08044.16
contig_1	994537	994821	-	LKFOJG_00871	10.6	4.8	PF03795.20|YCII	PFAM:PF03795.20
contig_1	995494	995607	+	LKFOJG_00873	4.4	11.8	PF00444.23|Ribosomal_L36	PFAM:PF00444.23
contig_1	998511	999110	+	LKFOJG_00878	21.9	9.6		
contig_1	1000488	1001573	-	LKFOJG_00880	37.8	5.3	PF03990.20|DUF348, PF06737.19|Transglycosylas, PF07501.17|G5	PFAM:PF03990.20, PFAM:PF06737.19, PFAM:PF07501.17
contig_1	1008898	1009449	-	LKFOJG_00887	18.3	4.7		
contig_1	1047641	1048957	+	LKFOJG_00920	45.8	4.6	PF13240.11|Zn_Ribbon_1, PF13248.11|Zn_ribbon_3	PFAM:PF13240.11, PFAM:PF13248.11
contig_1	1048982	1050694	+	LKFOJG_00921	58.7	5.8		SO:0001217, UniRef:UniRef50_D7GCC2
contig_1	1050707	1051942	+	LKFOJG_00922	42.2	5.9		SO:0001217, UniRef:UniRef50_D7GCC3
contig_1	1056936	1057034	+	LKFOJG_00928	3.5	4.8		
contig_1	1060086	1061123	+	LKFOJG_00931	37.0	6.2	PF00356.27|LacI, PF00532.27|Peripla_BP_1, PF13377.12|Peripla_BP_3	PFAM:PF00356.27, PFAM:PF00532.27, PFAM:PF13377.12
contig_1	1061367	1062347	+	LKFOJG_00932	34.1	4.8	PF00532.27|Peripla_BP_1, PF13377.12|Peripla_BP_3	PFAM:PF00532.27, PFAM:PF13377.12
contig_1	1067848	1068111	-	LKFOJG_00937	8.7	12.0		
contig_1	1070343	1070633	-	LKFOJG_00940	10.6	6.5	PF04024.17|PspC	PFAM:PF04024.17
contig_1	1073149	1073400	-	LKFOJG_00943	8.8	10.3		
contig_1	1086357	1086680	+	LKFOJG_00954	11.4	11.8		
contig_1	1089712	1090188	-	LKFOJG_00958	16.8	6.3		
contig_1	1093815	1094759	+	LKFOJG_00961	31.2	4.6		
contig_1	1095939	1096454	+	LKFOJG_00963	19.1	4.5		
contig_1	1096530	1097462	-	LKFOJG_00964	33.2	4.5	PF00378.25|ECH_1, PF16113.10|ECH_2	PFAM:PF00378.25, PFAM:PF16113.10
contig_1	1101273	1101728	-	LKFOJG_00968	17.0	8.9		
contig_1	1101901	1102266	-	LKFOJG_00969	14.0	6.4	PF09278.17|MerR-DNA-bind	PFAM:PF09278.17
contig_1	1102379	1102486	+	LKFOJG_00970	3.9	4.6		
contig_1	1103906	1104139	+	LKFOJG_00973	8.2	6.8		
contig_1	1104136	1104306	+	LKFOJG_00974	5.7	4.7		
contig_1	1106379	1106777	+	LKFOJG_00976	14.0	9.2		
contig_1	1118445	1118660	-	LKFOJG_00984	7.9	9.8		
contig_1	1118941	1119420	+	LKFOJG_00985	16.2	5.5		
contig_1	1119511	1120011	-	LKFOJG_00986	18.1	5.0	PF00293.34|NUDIX	PFAM:PF00293.34
contig_1	1124214	1124711	-	LKFOJG_00991	17.7	9.8		
contig_1	1124768	1125850	-	LKFOJG_00992	37.8	10.6		
contig_1	1126896	1127414	+	LKFOJG_00994	19.1	10.1		
contig_1	1136057	1137139	+	LKFOJG_01005	37.1	6.8		SO:0001217, UniRef:UniRef50_A0A0A8QH04
contig_1	1143141	1143641	+	LKFOJG_01010	17.9	8.9		
contig_1	1158167	1158436	+	LKFOJG_01022	9.0	4.4		
contig_1	1159838	1160086	+	LKFOJG_01024	9.2	5.2		
contig_1	1165780	1166388	+	LKFOJG_01030	22.7	4.6	PF09438.15|DUF2017	PFAM:PF09438.15, SO:0001217, UniRef:UniRef50_D7GCM7
contig_1	1177304	1177567	-	LKFOJG_01040	9.0	9.8		
contig_1	1204850	1205350	+	LKFOJG_01068	17.8	4.9	PF00436.31|SSB	PFAM:PF00436.31
contig_1	1209043	1210563	+	LKFOJG_01072	51.8	5.0	PF00381.24|PTS-HPr, PF00391.29|PEP-utilizers	PFAM:PF00381.24, PFAM:PF00391.29
contig_1	1219498	1220379	+	LKFOJG_01078	32.5	6.8	PF03061.28|4HBT, PF13279.12|4HBT_2, PF20791.3|Acyl-ACP_TE_C	PFAM:PF03061.28, PFAM:PF13279.12, PFAM:PF20791.3, SO:0001217, UniRef:UniRef50_D7GCS3
contig_1	1231748	1231912	+	LKFOJG_01087	6.3	10.7	PF13384.12|HTH_23, PF13518.12|HTH_28, PF13542.12|HTH_Tnp_ISL3	PFAM:PF13384.12, PFAM:PF13518.12, PFAM:PF13542.12
contig_1	1232731	1234284	-	LKFOJG_01089	54.7	4.8		SO:0001217, UniRef:UniRef50_D7GCT4
contig_1	1234519	1234710	-	LKFOJG_01090	6.8	11.8		
contig_1	1243300	1243644	-	LKFOJG_01100	12.4	11.2		SO:0001217, UniRef:UniRef50_A0A375I2Y1
contig_1	1260729	1261184	+	LKFOJG_01114	16.7	6.9	PF01047.28|MarR	PFAM:PF01047.28
contig_1	1262254	1265040	+	LKFOJG_01116	101.2	6.3		
contig_1	1268806	1269432	+	LKFOJG_01121	22.5	8.7		
contig_1	1270800	1271570	+	LKFOJG_01123	28.0	5.1	PF01467.32|CTP_transf_like	PFAM:PF01467.32
contig_1	1271567	1271950	+	LKFOJG_01124	14.1	4.6		
contig_1	1271950	1272558	+	LKFOJG_01125	21.6	5.3	PF00300.27|His_Phos_1	PFAM:PF00300.27
contig_1	1274394	1275134	-	LKFOJG_01129	25.3	5.1		
contig_1	1285944	1286858	+	LKFOJG_01136	32.0	6.2		
contig_1	1286984	1287646	-	LKFOJG_01137	24.3	11.5		
contig_1	1293247	1294023	+	LKFOJG_01143	27.9	5.2		
contig_1	1301823	1302314	+	LKFOJG_01151	17.4	10.8		
contig_1	1307964	1308572	+	LKFOJG_01157	22.3	5.3		SO:0001217, UniRef:UniRef50_A0A1H9Q6B8
contig_1	1308683	1308817	+	LKFOJG_01158	4.7	9.9		
contig_1	1324252	1324596	+	LKFOJG_01174	12.3	5.3	PF02288.20|Dehydratase_MU	PFAM:PF02288.20
contig_1	1324613	1325224	+	LKFOJG_01175	20.0	6.3	PF00936.24|BMC	PFAM:PF00936.24
contig_1	1327709	1328794	+	LKFOJG_01180	38.2	5.6	PF01923.23|Cob_adeno_trans	PFAM:PF01923.23
contig_1	1351232	1352158	-	LKFOJG_01201	31.0	5.3		
contig_1	1359383	1359877	+	LKFOJG_01208	18.1	5.3		
contig_1	1369266	1369400	+	LKFOJG_01216	4.8	11.6		
contig_1	1371908	1372360	+	LKFOJG_01219	16.9	4.9	PF00011.27|HSP20	PFAM:PF00011.27
contig_1	1377696	1378157	-	LKFOJG_01225	16.6	5.3	PF09424.15|YqeY	PFAM:PF09424.15
contig_1	1392967	1393509	-	LKFOJG_01239	19.6	10.1		SO:0001217, UniRef:UniRef50_A0A2C7ZV50
contig_1	1393590	1394099	+	LKFOJG_01240	17.6	4.5		
contig_1	1394101	1394304	+	LKFOJG_01241	7.2	4.6		
contig_1	1394226	1394387	-	LKFOJG_01242	5.1	11.8		
contig_1	1394363	1394839	-	LKFOJG_01243	17.2	5.4		
contig_1	1398912	1399667	+	LKFOJG_01247	26.9	4.8	PF13794.12|MiaE_2	PFAM:PF13794.12
contig_1	1399854	1400138	-	LKFOJG_01248	10.1	4.9		
contig_1	1420344	1421471	-	LKFOJG_01258	39.0	9.4		SO:0001217, UniRef:UniRef50_D7GDA3
contig_1	1433491	1433781	+	LKFOJG_01268	10.5	5.2	PF14542.12|Acetyltransf_CG	PFAM:PF14542.12
contig_1	1441690	1442346	-	LKFOJG_01277	23.8	10.4	PF04138.20|GtrA_DPMS_TM	PFAM:PF04138.20
contig_1	1442300	1442848	-	LKFOJG_01278	19.3	10.6	PF00535.33|Glycos_transf_2	PFAM:PF00535.33
contig_1	1444594	1445406	+	LKFOJG_01281	30.5	10.6	PF09359.15|VTC	PFAM:PF09359.15
contig_1	1460272	1461567	-	LKFOJG_01293	46.3	10.7		
contig_1	1472598	1473476	+	LKFOJG_01304	29.3	4.4		
contig_1	1473485	1474621	+	LKFOJG_01305	40.8	9.4		
contig_1	1474735	1475136	+	LKFOJG_01306	13.8	11.1		
contig_1	1475133	1475357	+	LKFOJG_01307	8.0	5.4		
contig_1	1476506	1477060	+	LKFOJG_01310	20.2	5.3	PF00430.23|ATP-synt_B	PFAM:PF00430.23
contig_1	1482447	1482905	+	LKFOJG_01316	16.7	10.3		
contig_1	1485682	1485960	-	LKFOJG_01320	10.5	10.8		
contig_1	1504842	1505429	-	LKFOJG_01334	20.9	4.9		
contig_1	1510270	1510473	+	LKFOJG_01338	7.4	10.3		
contig_1	1517381	1518400	+	LKFOJG_01344	36.2	9.6		
contig_1	1518366	1518698	+	LKFOJG_01345	11.7	4.8		
contig_1	1530461	1530985	+	LKFOJG_01357	19.0	12.0		
contig_1	1534989	1535402	-	LKFOJG_01362	14.9	5.3	PF01037.27|AsnC_trans_reg, PF13404.12|HTH_AsnC-type, PF13412.12|HTH_24	PFAM:PF01037.27, PFAM:PF13404.12, PFAM:PF13412.12
contig_1	1544625	1545107	-	LKFOJG_01373	17.6	5.8		
contig_1	1549015	1549338	+	LKFOJG_01376	11.9	11.2		
contig_1	1554634	1556823	+	LKFOJG_01380	82.0	5.4		SO:0001217, UniRef:UniRef50_A0A2C8BB75
contig_1	1557163	1557468	-	LKFOJG_01381	11.0	10.0	PF13601.12|HTH_34	PFAM:PF13601.12
contig_1	1560729	1561256	-	LKFOJG_01385	17.7	5.4		
contig_1	1561196	1562230	-	LKFOJG_01386	36.4	9.3		
contig_1	1580469	1582490	-	LKFOJG_01402	72.5	9.0	PF17764.6|PriA_3primeBD	PFAM:PF17764.6
contig_1	1617196	1617699	-	LKFOJG_01430	17.9	4.3		
contig_1	1628453	1629178	-	LKFOJG_01443	25.1	7.9		SO:0001217, UniRef:UniRef50_A0A0A8RW76
contig_1	1633049	1633720	+	LKFOJG_01445	22.6	11.4	PF03729.18|DUF308	PFAM:PF03729.18, SO:0001217, UniRef:UniRef50_D7GDU5
contig_1	1642961	1643821	-	LKFOJG_01451	30.4	5.0	PF00218.27|IGPS, PF01070.24|FMN_dh	PFAM:PF00218.27, PFAM:PF01070.24
contig_1	1655828	1656250	-	LKFOJG_01464	14.6	7.8		
contig_1	1658019	1658585	-	LKFOJG_01467	20.4	5.6		SO:0001217, UniRef:UniRef50_D7GDW6
contig_1	1659592	1661460	-	LKFOJG_01469	68.2	6.2	PF01807.25|Zn_ribbon_DnaG, PF08275.17|DNAG_N, PF08278.16|DnaG_DnaB_bind, PF10410.14|DnaB_bind, PF13662.12|Toprim_4	PFAM:PF01807.25, PFAM:PF08275.17, PFAM:PF08278.16, PFAM:PF10410.14, PFAM:PF13662.12
contig_1	1662363	1662695	+	LKFOJG_01471	11.5	6.8		
contig_1	1664503	1665459	+	LKFOJG_01473	32.7	5.2		
contig_1	1665566	1666270	-	LKFOJG_01474	24.6	10.1		
contig_1	1666543	1667400	-	LKFOJG_01476	29.9	4.7		
contig_1	1670912	1672357	+	LKFOJG_01480	51.7	4.9	PF01656.29|CbiA, PF07685.20|GATase_3, PF13500.12|AAA_26	PFAM:PF01656.29, PFAM:PF07685.20, PFAM:PF13500.12
contig_1	1672950	1675535	+	LKFOJG_01482	90.6	6.0	PF00155.27|Aminotran_1_2, PF01656.29|CbiA, PF07685.20|GATase_3, PF13500.12|AAA_26	PFAM:PF00155.27, PFAM:PF01656.29, PFAM:PF07685.20, PFAM:PF13500.12
contig_1	1677078	1677692	+	LKFOJG_01485	22.4	9.0	PF00440.29|TetR_N	PFAM:PF00440.29
contig_1	1685978	1686439	-	LKFOJG_01491	16.6	4.1	PF02577.19|BFN_dom	PFAM:PF02577.19
contig_1	1686441	1687175	-	LKFOJG_01492	27.1	9.0		
contig_1	1688324	1689058	-	LKFOJG_01495	25.9	5.3		
contig_1	1701060	1701659	+	LKFOJG_01512	21.8	4.5		
contig_1	1705111	1705641	-	LKFOJG_01515	19.1	9.0		SO:0001217, UniRef:UniRef50_A0A7X7V7E9
contig_1	1712189	1712473	+	LKFOJG_01520	9.8	5.2		
contig_1	1712455	1713162	+	LKFOJG_01521	24.2	5.1		
contig_1	1714914	1715174	-	LKFOJG_01524	9.3	6.3	PF20555.3|DUF6767	PFAM:PF20555.3
contig_1	1719864	1720244	-	LKFOJG_01529	13.8	10.7		
contig_1	1721352	1721672	+	LKFOJG_01531	11.1	9.4		
contig_1	1732613	1732804	+	LKFOJG_01540	6.8	8.6	PF24254.1|DUF7455	PFAM:PF24254.1
contig_1	1734003	1735532	-	LKFOJG_01542	55.7	9.0	PF04542.20|Sigma70_r2, PF04545.22|Sigma70_r4	PFAM:PF04542.20, PFAM:PF04545.22
contig_1	1736923	1737726	-	LKFOJG_01544	29.0	5.3	PF00532.27|Peripla_BP_1, PF13377.12|Peripla_BP_3	PFAM:PF00532.27, PFAM:PF13377.12
contig_1	1738195	1738674	+	LKFOJG_01545	17.0	9.0		
contig_1	1738643	1739536	+	LKFOJG_01546	32.7	5.1		
contig_1	1758966	1759733	-	LKFOJG_01558	24.7	11.8		SO:0001217, UniRef:UniRef50_A0A2C7ZAN3
contig_1	1768842	1770377	-	LKFOJG_01566	55.8	5.3	PF00013.35|KH_1, PF12072.13|RNase_Y_N	PFAM:PF00013.35, PFAM:PF12072.13
contig_1	1770539	1771153	-	LKFOJG_01567	22.6	9.6	PF02631.22|RecX_HTH2, PF21982.2|RecX_HTH1	PFAM:PF02631.22, PFAM:PF21982.2
contig_1	1772583	1772750	+	LKFOJG_01569	6.5	5.5		
contig_1	1797889	1798476	+	LKFOJG_01591	20.8	4.9		
contig_1	1810554	1810733	-	LKFOJG_01602	6.4	4.2	PF19279.4|YegS_C	PFAM:PF19279.4
contig_1	1818556	1819197	-	LKFOJG_01611	20.7	9.3	PF00254.34|FKBP_C	PFAM:PF00254.34
contig_1	1820038	1820793	-	LKFOJG_01613	26.3	4.5		
contig_1	1821685	1821960	-	LKFOJG_01615	9.7	8.3		
contig_1	1829119	1829358	-	LKFOJG_01622	8.3	4.2		
contig_1	1853620	1853796	-	LKFOJG_01641	6.1	11.2		
contig_1	1855346	1856074	-	LKFOJG_01645	27.6	9.4	PF00707.27|IF3_C, PF05198.21|IF3_N	PFAM:PF00707.27, PFAM:PF05198.21
contig_1	1856380	1856862	+	LKFOJG_01646	16.8	10.9		
contig_1	1864041	1864364	+	LKFOJG_01654	11.1	10.0		
contig_1	1864411	1864908	+	LKFOJG_01655	17.0	7.8		
contig_1	1866330	1866716	-	LKFOJG_01657	13.8	5.2		
contig_1	1883271	1884425	-	LKFOJG_01676	40.0	4.8	PF00448.28|SRP54, PF02881.24|SRP54_N	PFAM:PF00448.28, PFAM:PF02881.24
contig_1	1884517	1884714	-	LKFOJG_01677	7.3	11.7		
contig_1	1884796	1884963	-	LKFOJG_01678	6.1	9.3		
contig_1	1884960	1888340	-	LKFOJG_01679	121.8	5.3	PF02463.25|SMC_N, PF06470.18|SMC_hinge, PF13175.12|AAA_15, PF13304.12|AAA_21, PF13476.12|AAA_23, PF13555.12|AAA_29	PFAM:PF02463.25, PFAM:PF06470.18, PFAM:PF13175.12, PFAM:PF13304.12, PFAM:PF13476.12, PFAM:PF13555.12
contig_1	1897863	1898351	+	LKFOJG_01691	17.7	4.8		
contig_1	1911352	1911549	-	LKFOJG_01702	7.3	11.7		
contig_1	1912756	1913229	-	LKFOJG_01704	17.2	4.9	PF02576.22|RimP_N, PF17384.8|DUF150_C	PFAM:PF02576.22, PFAM:PF17384.8
contig_1	1924288	1925265	-	LKFOJG_01715	35.6	5.1		
contig_1	1927862	1928482	+	LKFOJG_01718	22.7	5.3	PF01327.26|Pep_deformylase	PFAM:PF01327.26
contig_1	1928516	1928965	-	LKFOJG_01719	15.7	9.3		
contig_1	1929260	1929565	+	LKFOJG_01720	10.6	4.8		SO:0001217, UniRef:UniRef50_A0A1J6XBV7
contig_1	1936583	1937476	-	LKFOJG_01725	32.4	5.5	PF22435.1|MRM3-like_sub_bind	PFAM:PF22435.1
contig_1	1939690	1940439	+	LKFOJG_01728	26.2	5.8		SO:0001217, UniRef:UniRef50_D7GEM3
contig_1	1959592	1960494	+	LKFOJG_01749	32.2	5.4	PF10128.15|OpcA_G6PD_assem, PF20171.3|OpcA_G6PD_C	PFAM:PF10128.15, PFAM:PF20171.3
contig_1	1965657	1966502	-	LKFOJG_01756	29.2	11.1		
contig_1	1966619	1966822	+	LKFOJG_01757	6.8	12.0		
contig_1	1998292	1998837	-	LKFOJG_01783	19.2	6.6		
contig_1	2000532	2000825	-	LKFOJG_01786	10.9	10.9		
contig_1	2000829	2001350	-	LKFOJG_01787	18.9	4.6		
contig_1	2004487	2005929	-	LKFOJG_01791	51.2	5.6	PF01225.30|Mur_ligase, PF02875.26|Mur_ligase_C, PF08245.18|Mur_ligase_M	PFAM:PF01225.30, PFAM:PF02875.26, PFAM:PF08245.18
contig_1	2023878	2024279	-	LKFOJG_01805	14.9	5.7	PF20114.4|DUF6504	PFAM:PF20114.4
contig_1	2027644	2028714	+	LKFOJG_01808	37.5	5.1	PF00348.22|polyprenyl_synt	PFAM:PF00348.22
contig_1	2037636	2037905	+	LKFOJG_01816	9.7	4.4	PF01037.27|AsnC_trans_reg	PFAM:PF01037.27
contig_1	2041269	2041937	+	LKFOJG_01820	23.9	11.2		SO:0001217, UniRef:UniRef50_D7GEW7
contig_1	2041963	2042646	+	LKFOJG_01821	23.6	6.8		
contig_1	2042786	2043211	+	LKFOJG_01822	14.7	9.5		
contig_1	2048084	2048374	-	LKFOJG_01828	10.5	4.1	PF22743.1|PspAA	PFAM:PF22743.1
contig_1	2050019	2050234	+	LKFOJG_01831	7.5	4.1		
contig_1	2058338	2058928	+	LKFOJG_01837	19.4	6.2		
contig_1	2059019	2059603	+	LKFOJG_01838	20.5	4.6	PF00440.29|TetR_N, PF02909.22|TetR_C_1	PFAM:PF00440.29, PFAM:PF02909.22
contig_1	2063643	2064380	+	LKFOJG_01841	26.1	8.9	PF17844.6|SCP_3	PFAM:PF17844.6
contig_1	2076103	2076666	+	LKFOJG_01853	21.2	4.7		
contig_1	2083490	2083882	-	LKFOJG_01861	13.8	4.7		
contig_1	2093813	2094259	+	LKFOJG_01871	17.2	5.8		SO:0001217, UniRef:UniRef50_D7GF18
contig_1	2094387	2094794	+	LKFOJG_01872	14.6	4.7	PF00206.25|Lyase_1	PFAM:PF00206.25
contig_1	2101833	2102465	-	LKFOJG_01878	22.7	8.9	PF01047.28|MarR, PF13463.12|HTH_27	PFAM:PF01047.28, PFAM:PF13463.12
contig_1	2106062	2106304	-	LKFOJG_01883	8.7	11.1		
contig_1	2109936	2110160	+	LKFOJG_01887	8.5	11.1		
contig_1	2120243	2120458	+	LKFOJG_01895	8.6	5.6		
contig_1	2124885	2125283	-	LKFOJG_01901	13.9	4.6	PF01266.30|DAO	PFAM:PF01266.30
contig_1	2125237	2126139	-	LKFOJG_01902	31.9	6.2	PF00070.33|Pyr_redox, PF01266.30|DAO, PF07992.20|Pyr_redox_2, PF13450.12|NAD_binding_8	PFAM:PF00070.33, PFAM:PF01266.30, PFAM:PF07992.20, PFAM:PF13450.12
contig_1	2127477	2127650	+	LKFOJG_01904	5.8	4.2		
contig_1	2130136	2131821	+	LKFOJG_01907	60.4	7.9	PF01266.30|DAO, PF07992.20|Pyr_redox_2, PF13450.12|NAD_binding_8	PFAM:PF01266.30, PFAM:PF07992.20, PFAM:PF13450.12
contig_1	2141162	2141386	-	LKFOJG_01917	7.5	4.1		
contig_1	2142174	2142731	-	LKFOJG_01918	19.6	5.6		
contig_1	2149080	2150351	-	LKFOJG_01923	45.4	5.1		
contig_1	2150501	2151850	+	LKFOJG_01924	48.4	5.6		
contig_1	2156281	2156799	-	LKFOJG_01930	18.9	4.6	PF04266.20|ASCH	PFAM:PF04266.20
contig_1	2166070	2166600	+	LKFOJG_01939	18.7	5.8		
contig_1	2167530	2168144	+	LKFOJG_01941	22.9	4.6	PF00702.32|Hydrolase	PFAM:PF00702.32
contig_1	2168673	2169128	-	LKFOJG_01943	16.0	9.9		
contig_1	2169679	2169768	-	LKFOJG_01945	3.1	10.7		
contig_1	2169796	2170446	-	LKFOJG_01946	22.9	5.4	PF02245.21|Pur_DNA_glyco	PFAM:PF02245.21
contig_1	2178607	2179245	-	LKFOJG_01954	23.3	5.5	PF00440.29|TetR_N	PFAM:PF00440.29
contig_1	2182551	2183192	-	LKFOJG_01959	22.9	10.1	PF04977.20|DivIC	PFAM:PF04977.20
contig_1	2185532	2186065	-	LKFOJG_01962	18.3	6.2		
contig_1	2189961	2190326	-	LKFOJG_01964	12.7	4.8		
contig_1	2201262	2203649	-	LKFOJG_01976	82.2	6.2	PF14498.12|Glyco_hyd_65N_2, PF21307.2|Glyco_hydro_95_C, PF22124.2|Glyco_hydro_95_cat	PFAM:PF14498.12, PFAM:PF21307.2, PFAM:PF22124.2, SO:0001217, UniRef:UniRef50_D7GFE8
contig_1	2208315	2208836	-	LKFOJG_01980	18.5	4.5		
contig_1	2210453	2210986	+	LKFOJG_01982	19.4	6.8	PF00582.32|Usp	PFAM:PF00582.32
contig_1	2211396	2211782	+	LKFOJG_01984	13.0	10.6		
contig_1	2211842	2212315	+	LKFOJG_01985	17.1	5.3	PF13508.13|Acetyltransf_7, PF13673.13|Acetyltransf_10	PFAM:PF13508.13, PFAM:PF13673.13
contig_1	2216989	2217582	+	LKFOJG_01989	21.4	6.0	PF00440.29|TetR_N, PF17754.6|TetR_C_14	PFAM:PF00440.29, PFAM:PF17754.6
contig_1	2222746	2222955	-	LKFOJG_01996	7.2	9.3		
contig_1	2223003	2223782	-	LKFOJG_01997	27.0	10.9		SO:0001217, UniRef:UniRef50_D7GFH2
contig_1	2225939	2226502	+	LKFOJG_02000	20.4	9.9		SO:0001217, UniRef:UniRef50_A0A087CJ67
contig_1	2226549	2227100	+	LKFOJG_02001	20.2	10.8		
contig_1	2228001	2228420	-	LKFOJG_02002	15.8	11.1		
contig_1	2239847	2240581	-	LKFOJG_02012	26.3	5.0		SO:0001217, UniRef:UniRef50_D7GFJ1
contig_1	2241471	2241716	+	LKFOJG_02014	8.7	4.9		
contig_1	2248773	2249183	-	LKFOJG_02023	14.4	5.3		
contig_1	2251124	2251456	+	LKFOJG_02026	11.9	4.7		
contig_1	2253703	2254038	-	LKFOJG_02030	12.2	4.2	PF00085.26|Thioredoxin, PF13098.12|Thioredoxin_2, PF13905.12|Thioredoxin_8	PFAM:PF00085.26, PFAM:PF13098.12, PFAM:PF13905.12
contig_1	2256172	2256558	-	LKFOJG_02033	12.5	12.0		
contig_1	2258328	2258669	+	LKFOJG_02035	12.1	9.8		
contig_1	2258747	2259526	-	LKFOJG_02036	27.7	4.7		
contig_1	2260143	2261171	+	LKFOJG_02038	35.0	5.7		
contig_1	2265404	2266303	-	LKFOJG_02041	32.7	5.3	PF00395.25|SLH	PFAM:PF00395.25
contig_1	2290358	2291335	-	LKFOJG_02059	35.0	8.7	PF09335.16|VTT_dom	PFAM:PF09335.16, SO:0001217, UniRef:UniRef50_D7GFN6
contig_1	2298549	2298950	-	LKFOJG_02065	14.0	4.5		
contig_1	2322059	2322430	-	LKFOJG_02086	12.4	5.4	PF00364.28|Biotin_lipoyl, PF13533.12|Biotin_lipoyl_2	PFAM:PF00364.28, PFAM:PF13533.12
contig_1	2345112	2345459	-	LKFOJG_02104	12.5	9.1		
contig_1	2357813	2359105	+	LKFOJG_02114	43.7	11.6		SO:0001217, UniRef:UniRef50_D7GFU3
contig_1	2360551	2360718	+	LKFOJG_02116	6.1	8.0		
contig_1	2360679	2360954	-	LKFOJG_02117	9.0	5.9		
contig_1	2362460	2363086	-	LKFOJG_02119	23.1	11.6		
contig_1	2378729	2378944	-	LKFOJG_02131	7.6	11.9		
contig_1	2387779	2387958	+	LKFOJG_02140	5.9	10.0		
contig_1	2393576	2393767	+	LKFOJG_02146	7.1	4.9		
contig_1	2405605	2405973	-	LKFOJG_02157	13.0	7.8		
contig_1	2406075	2406449	-	LKFOJG_02158	13.3	4.3		
contig_1	2408006	2408386	-	LKFOJG_02160	13.3	9.8		
contig_1	2408590	2408940	-	LKFOJG_02161	11.9	11.5		
contig_1	2412352	2412825	+	LKFOJG_02165	17.3	10.1	PF16697.10|Yop-YscD_cpl	PFAM:PF16697.10
contig_1	2415745	2417169	+	LKFOJG_02168	49.7	5.7	PF00905.27|Transpeptidase, PF21922.1|PBP_dimer_2	PFAM:PF00905.27, PFAM:PF21922.1
contig_1	2425414	2425773	-	LKFOJG_02174	12.8	4.4	PF04023.20|FeoA	PFAM:PF04023.20
contig_1	2426137	2426736	+	LKFOJG_02175	20.9	9.5	PF13399.11|LytR_C	PFAM:PF13399.11
contig_1	2428414	2430270	-	LKFOJG_02177	63.4	4.1		SO:0001217, UniRef:UniRef50_D7GG01
contig_1	2431248	2431976	-	LKFOJG_02180	26.3	4.1		
contig_1	2433872	2434174	-	LKFOJG_02183	10.1	10.0		
contig_1	2438007	2438315	+	LKFOJG_02186	11.5	6.8		
contig_1	2439898	2440095	+	LKFOJG_02189	6.8	9.5		
contig_1	2445126	2445548	+	LKFOJG_02193	14.1	4.4		
contig_1	2445505	2445798	+	LKFOJG_02194	10.4	4.7		
contig_1	2445816	2446871	-	LKFOJG_02195	38.4	8.3		SO:0001217, UniRef:UniRef50_D7GHM5
contig_1	2446954	2447112	+	LKFOJG_02196	5.8	9.5	PF07332.16|Phage_holin_3_6	PFAM:PF07332.16
contig_1	2447109	2447672	+	LKFOJG_02197	19.5	4.6		
contig_1	2448876	2449130	+	LKFOJG_02199	8.8	4.1		
contig_1	2450654	2450827	+	LKFOJG_02201	5.7	5.0		
contig_1	2450842	2451663	+	LKFOJG_02202	30.3	5.2	PF01408.29|GFO_IDH_MocA, PF02894.22|GFO_IDH_MocA_C, PF22725.1|GFO_IDH_MocA_C3	PFAM:PF01408.29, PFAM:PF02894.22, PFAM:PF22725.1
contig_1	2461797	2462840	-	LKFOJG_02211	36.9	6.0	PF00356.27|LacI, PF00532.27|Peripla_BP_1, PF13377.12|Peripla_BP_3	PFAM:PF00356.27, PFAM:PF00532.27, PFAM:PF13377.12
contig_1	2462867	2463685	-	LKFOJG_02212	29.0	5.2	PF00581.25|Rhodanese	PFAM:PF00581.25
contig_1	2472711	2473112	+	LKFOJG_02219	13.8	6.8		
contig_1	2478479	2478682	-	LKFOJG_02226	7.9	8.2		
contig_1	2480370	2481266	-	LKFOJG_02229	32.1	6.1		
contig_1	2481449	2482081	+	LKFOJG_02230	22.3	11.5		
contig_1	2482306	2483301	+	LKFOJG_02231	36.3	10.3		
contig_1	2487694	2488146	-	LKFOJG_02235	16.1	9.4	PF01281.25|Ribosomal_L9_N, PF03948.19|Ribosomal_L9_C	PFAM:PF01281.25, PFAM:PF03948.19
contig_1	2490379	2490675	+	LKFOJG_02239	10.6	4.1		
contig_1	2490747	2491106	-	LKFOJG_02240	13.4	5.1		
contig_1	2494130	2495932	+	LKFOJG_02244	61.2	5.2	PF12799.13|LRR_4, PF13855.12|LRR_8, PF14580.12|LRR_9, PF23211.1|LRR_LRWD1, PF23952.1|LRR_EndoS	PFAM:PF12799.13, PFAM:PF13855.12, PFAM:PF14580.12, PFAM:PF23211.1, PFAM:PF23952.1
contig_1	2502532	2502861	-	LKFOJG_02249	12.7	5.5		
contig_1	2509024	2509638	+	LKFOJG_02253	20.7	4.6		SO:0001217, UniRef:UniRef50_D7GH78
contig_1	2515366	2515797	-	LKFOJG_02258	15.4	10.6		
contig_1	2517196	2518866	-	LKFOJG_02260	62.9	5.4	PF13910.11|DUF4209, PF24098.1|DUF7380	PFAM:PF13910.11, PFAM:PF24098.1
contig_1	2520194	2520532	+	LKFOJG_02262	12.6	5.5		
contig_1	2522657	2524447	+	LKFOJG_02264	62.5	5.4		SO:0001217, UniRef:UniRef50_D7GH67
contig_1	2524444	2525598	+	LKFOJG_02265	41.8	10.9		SO:0001217, UniRef:UniRef50_A0A383SAP2
contig_1	2525706	2526878	+	LKFOJG_02266	43.3	5.7	PF00128.31|Alpha-amylase	PFAM:PF00128.31
contig_1	2530784	2533270	-	LKFOJG_02270	86.0	5.1	PF00395.25|SLH, PF12799.13|LRR_4, PF13855.12|LRR_8, PF14580.12|LRR_9, PF23952.1|LRR_EndoS	PFAM:PF00395.25, PFAM:PF12799.13, PFAM:PF13855.12, PFAM:PF14580.12, PFAM:PF23952.1
contig_1	2539445	2539744	+	LKFOJG_02275	11.2	5.3		SO:0001217, UniRef:UniRef50_D7GH91
contig_1	2540240	2540473	-	LKFOJG_02276	8.1	8.7		
contig_1	2540700	2541113	-	LKFOJG_02277	14.5	9.4		
contig_1	2546201	2546842	+	LKFOJG_02282	23.1	7.0		SO:0001217, UniRef:UniRef50_A0A0B7NTN2
contig_1	2546870	2547073	-	LKFOJG_02283	7.2	10.5		
contig_1	2551773	2552090	+	LKFOJG_02287	11.4	8.2		
contig_1	2554753	2555793	-	LKFOJG_02291	36.1	5.7	PF01497.23|Peripla_BP_2	PFAM:PF01497.23
contig_1	2566211	2566930	+	LKFOJG_02297	26.1	4.8	PF00300.27|His_Phos_1	PFAM:PF00300.27
contig_1	2567059	2568378	-	LKFOJG_02298	46.2	5.6		
contig_1	2569948	2570271	+	LKFOJG_02300	11.8	4.5	PF00085.26|Thioredoxin, PF13098.12|Thioredoxin_2, PF13905.12|Thioredoxin_8	PFAM:PF00085.26, PFAM:PF13098.12, PFAM:PF13905.12
contig_1	2571992	2573527	-	LKFOJG_02303	55.0	4.8	PF00142.24|Fer4_NifH, PF01656.29|CbiA, PF02374.21|ArsA_ATPase, PF06564.18|CBP_BcsQ, PF09140.17|MipZ, PF13614.12|AAA_31	PFAM:PF00142.24, PFAM:PF01656.29, PFAM:PF02374.21, PFAM:PF06564.18, PFAM:PF09140.17, PFAM:PF13614.12
contig_1	2575334	2576299	-	LKFOJG_02305	34.5	4.1	PF01424.28|R3H	PFAM:PF01424.28
contig_1	2577453	2577803	-	LKFOJG_02307	12.6	9.4		
contig_1	2578234	2578371	-	LKFOJG_02309	5.2	12.0		
